"subject_id","GENOTYPE"
"011_S_0002","3/3"
"011_S_0003","3/4"
"022_S_0004","3/3"
"011_S_0005","3/3"
"022_S_0007","3/4"
"022_S_0009","3/3"
"011_S_0008","2/3"
"011_S_0011","3/4"
"022_S_0014","3/3"
"011_S_0016","3/4"
"022_S_0018","3/3"
"100_S_0015","3/4"
"067_S_0020","4/4"
"067_S_0024","3/3"
"067_S_0019","2/3"
"100_S_0017","3/3"
"011_S_0022","3/4"
"011_S_0021","2/3"
"067_S_0028","3/3"
"022_S_0026","3/3"
"100_S_0025","3/3"
"023_S_0030","3/3"
"067_S_0029","3/4"
"023_S_0031","3/3"
"023_S_0032","4/4"
"035_S_0033","2/3"
"100_S_0034","3/3"
"100_S_0035","3/3"
"035_S_0037","3/4"
"099_S_0040","3/3"
"100_S_0036","3/3"
"023_S_0042","3/3"
"007_S_0041","4/4"
"022_S_0044","3/3"
"011_S_0023","3/3"
"018_S_0043","2/3"
"067_S_0038","3/3"
"067_S_0039","2/3"
"011_S_0010","3/4"
"067_S_0056","2/3"
"099_S_0051","4/4"
"023_S_0049","3/4"
"123_S_0050","3/3"
"035_S_0048","4/4"
"011_S_0052","2/3"
"099_S_0054","3/3"
"011_S_0053","3/3"
"018_S_0055","3/3"
"100_S_0006","3/3"
"018_S_0057","3/4"
"023_S_0058","3/4"
"099_S_0060","3/4"
"100_S_0047","2/3"
"099_S_0062","3/3"
"023_S_0061","3/3"
"022_S_0066","2/3"
"067_S_0045","3/4"
"010_S_0067","2/3"
"007_S_0068","3/3"
"023_S_0073","3/4"
"067_S_0076","3/4"
"023_S_0078","3/4"
"018_S_0080","3/4"
"027_S_0074","3/3"
"018_S_0087","3/3"
"018_S_0103","3/4"
"100_S_0069","3/3"
"123_S_0091","3/3"
"007_S_0101","4/4"
"123_S_0072","3/3"
"067_S_0077","2/3"
"023_S_0084","3/4"
"099_S_0090","4/4"
"123_S_0088","4/4"
"023_S_0093","3/4"
"032_S_0095","2/3"
"123_S_0094","3/4"
"022_S_0096","3/3"
"067_S_0059","3/3"
"023_S_0099","3/3"
"068_S_0100","3/4"
"020_S_0097","2/3"
"023_S_0081","3/4"
"068_S_0104","3/4"
"130_S_0102","3/4"
"068_S_0109","3/4"
"099_S_0111","3/4"
"127_S_0112","2/4"
"068_S_0115","3/4"
"023_S_0126","3/4"
"041_S_0125","3/3"
"068_S_0127","3/3"
"123_S_0106","3/3"
"128_S_0132","3/3"
"131_S_0123","3/3"
"022_S_0130","3/3"
"027_S_0116","3/3"
"128_S_0135","3/3"
"128_S_0134","3/4"
"128_S_0138","3/3"
"137_S_0136","3/4"
"021_S_0141","3/4"
"023_S_0139","4/4"
"128_S_0144","3/4"
"007_S_0070","3/3"
"013_S_0146","3/3"
"018_S_0142","3/4"
"123_S_0108","3/4"
"098_S_0131","3/3"
"037_S_0150","3/3"
"023_S_0083","4/4"
"032_S_0147","3/3"
"128_S_0148","3/3"
"027_S_0118","3/3"
"027_S_0119","3/3"
"068_S_0151","3/4"
"007_S_0128","4/4"
"098_S_0152","3/3"
"098_S_0153","3/4"
"131_S_0154","2/4"
"021_S_0159","3/3"
"067_S_0110","3/3"
"073_S_0089","3/3"
"010_S_0161","3/4"
"022_S_0129","3/3"
"035_S_0156","3/3"
"123_S_0162","3/4"
"013_S_0165","3/3"
"027_S_0120","3/4"
"128_S_0163","3/4"
"128_S_0167","3/4"
"027_S_0170","3/3"
"011_S_0168","3/3"
"098_S_0171","3/3"
"018_S_0174","3/3"
"021_S_0178","3/3"
"067_S_0098","3/4"
"114_S_0166","3/4"
"114_S_0173","3/3"
"098_S_0149","3/3"
"014_S_0169","3/4"
"032_S_0187","4/4"
"128_S_0188","3/4"
"128_S_0192","3/3"
"027_S_0124","3/4"
"037_S_0182","3/4"
"068_S_0197","3/3"
"136_S_0107","3/3"
"137_S_0158","2/3"
"013_S_0145","3/4"
"023_S_0203","3/4"
"072_S_0206","3/3"
"127_S_0189","4/4"
"128_S_0200","3/3"
"128_S_0205","3/3"
"098_S_0160","3/4"
"035_S_0204","3/3"
"068_S_0210","2/3"
"114_S_0228","3/3"
"067_S_0177","3/3"
"032_S_0214","4/4"
"128_S_0216","3/3"
"136_S_0186","3/3"
"137_S_0212","3/3"
"023_S_0217","3/3"
"005_S_0221","4/4"
"128_S_0225","3/3"
"128_S_0227","4/4"
"005_S_0222","3/3"
"022_S_0219","3/4"
"027_S_0179","3/4"
"128_S_0229","3/4"
"128_S_0230","3/3"
"021_S_0231","3/3"
"131_S_0207","4/4"
"005_S_0223","3/4"
"018_S_0155","2/4"
"130_S_0232","3/3"
"013_S_0240","3/3"
"020_S_0213","2/3"
"098_S_0172","3/3"
"014_S_0237","2/3"
"128_S_0245","3/3"
"131_S_0233","4/4"
"014_S_0236","3/3"
"014_S_0242","3/3"
"011_S_0183","3/4"
"072_S_0254","3/4"
"137_S_0283","3/3"
"027_S_0202","3/3"
"123_S_0113","2/3"
"128_S_0258","3/4"
"031_S_0261","2/3"
"041_S_0262","3/3"
"067_S_0243","3/4"
"128_S_0266","3/4"
"027_S_0256","4/4"
"011_S_0241","3/3"
"023_S_0267","3/3"
"098_S_0269","3/4"
"128_S_0272","3/3"
"007_S_0249","3/4"
"021_S_0273","2/3"
"022_S_0270","3/3"
"067_S_0176","3/4"
"021_S_0276","2/3"
"136_S_0184","3/4"
"018_S_0277","3/4"
"100_S_0190","3/4"
"130_S_0285","3/4"
"018_S_0286","3/3"
"067_S_0284","3/4"
"099_S_0291","3/4"
"130_S_0289","3/3"
"022_S_0287","2/3"
"031_S_0294","3/3"
"035_S_0292","3/3"
"073_S_0302","3/4"
"100_S_0220","3/4"
"127_S_0259","3/3"
"007_S_0293","3/4"
"126_S_0239","3/3"
"136_S_0195","3/4"
"137_S_0251","3/4"
"137_S_0301","3/3"
"067_S_0244","4/4"
"127_S_0279","3/3"
"128_S_0310","3/3"
"137_S_0275","3/3"
"116_S_0264","3/3"
"037_S_0303","3/4"
"041_S_0314","3/4"
"067_S_0290","3/4"
"072_S_0315","3/3"
"127_S_0260","2/3"
"006_S_0322","3/4"
"031_S_0321","4/4"
"082_S_0304","2/3"
"131_S_0319","3/3"
"126_S_0268","3/3"
"013_S_0325","3/4"
"005_S_0323","3/4"
"011_S_0326","3/3"
"021_S_0332","3/3"
"021_S_0334","3/3"
"023_S_0331","4/4"
"023_S_0333","3/3"
"037_S_0327","3/3"
"136_S_0185","3/4"
"137_S_0274","3/4"
"137_S_0297","3/3"
"005_S_0324","3/3"
"014_S_0328","3/4"
"021_S_0337","3/4"
"023_S_0338","3/4"
"098_S_0288","2/4"
"100_S_0296","3/3"
"018_S_0335","2/3"
"021_S_0343","3/4"
"023_S_0342","3/3"
"116_S_0271","3/3"
"016_S_0354","2/3"
"031_S_0351","3/3"
"035_S_0341","4/4"
"067_S_0336","3/4"
"073_S_0092","3/3"
"094_S_0350","3/3"
"099_S_0352","3/3"
"131_S_0384","3/3"
"141_S_0340","3/4"
"011_S_0362","3/4"
"082_S_0363","3/4"
"123_S_0298","3/3"
"132_S_0339","3/3"
"072_S_0368","3/3"
"137_S_0366","3/3"
"014_S_0355","2/3"
"016_S_0359","3/3"
"018_S_0365","3/4"
"041_S_0282","3/3"
"018_S_0369","3/3"
"041_S_0280","3/3"
"099_S_0372","3/3"
"114_S_0374","3/4"
"014_S_0356","3/4"
"014_S_0357","2/4"
"023_S_0376","3/3"
"037_S_0377","3/4"
"114_S_0378","3/4"
"027_S_0307","3/3"
"007_S_0344","4/4"
"023_S_0385","3/3"
"131_S_0383","3/4"
"136_S_0086","3/3"
"023_S_0387","3/3"
"023_S_0388","4/4"
"137_S_0349","4/4"
"007_S_0316","4/4"
"123_S_0390","3/4"
"032_S_0400","3/3"
"068_S_0401","3/4"
"041_S_0407","3/3"
"127_S_0393","2/3"
"136_S_0194","3/3"
"002_S_0295","3/4"
"018_S_0406","3/4"
"131_S_0409","3/4"
"073_S_0386","3/4"
"114_S_0410","3/4"
"127_S_0278","3/4"
"002_S_0413","3/3"
"052_S_0415","3/4"
"114_S_0416","3/3"
"027_S_0403","3/3"
"027_S_0404","3/3"
"127_S_0394","3/3"
"127_S_0431","3/4"
"141_S_0421","2/4"
"021_S_0424","3/4"
"053_S_0389","3/4"
"136_S_0196","3/3"
"137_S_0375","3/4"
"018_S_0425","3/3"
"067_S_0257","3/4"
"137_S_0438","3/3"
"016_S_0437","3/4"
"037_S_0467","3/3"
"094_S_0434","3/4"
"133_S_0433","3/3"
"068_S_0442","3/4"
"116_S_0361","3/4"
"116_S_0370","3/3"
"131_S_0441","3/3"
"005_S_0448","3/3"
"130_S_0449","4/4"
"007_S_0414","3/4"
"037_S_0454","3/3"
"037_S_0455","4/4"
"114_S_0458","3/4"
"131_S_0457","3/4"
"137_S_0459","3/3"
"018_S_0450","3/4"
"099_S_0465","3/4"
"116_S_0360","3/3"
"130_S_0460","3/4"
"041_S_0446","3/3"
"099_S_0470","2/4"
"133_S_0468","3/3"
"018_S_0471","3/4"
"068_S_0478","3/3"
"057_S_0474","4/4"
"027_S_0408","3/3"
"032_S_0479","3/3"
"068_S_0473","3/4"
"082_S_0469","3/3"
"136_S_0299","3/3"
"073_S_0445","3/3"
"127_S_0397","3/4"
"132_S_0453","3/3"
"006_S_0484","3/3"
"094_S_0489","3/3"
"099_S_0492","3/4"
"130_S_0423","3/4"
"133_S_0488","3/3"
"133_S_0493","3/3"
"010_S_0419","2/2"
"027_S_0417","3/4"
"006_S_0498","2/4"
"128_S_0500","3/3"
"131_S_0435","3/4"
"141_S_0499","3/4"
"027_S_0485","4/4"
"057_S_0464","3/3"
"068_S_0503","2/3"
"128_S_0504","2/3"
"037_S_0501","3/3"
"128_S_0517","3/3"
"136_S_0300","4/4"
"014_S_0519","3/3"
"014_S_0520","4/4"
"126_S_0405","3/3"
"128_S_0522","3/3"
"137_S_0481","3/4"
"094_S_0523","3/4"
"094_S_0526","2/3"
"128_S_0528","3/3"
"053_S_0507","3/3"
"099_S_0534","3/4"
"099_S_0551","3/3"
"033_S_0567","3/4"
"033_S_0511","3/3"
"033_S_0513","4/4"
"002_S_0529","3/4"
"027_S_0461","3/4"
"062_S_0535","3/4"
"094_S_0531","2/3"
"099_S_0533","3/3"
"116_S_0382","3/3"
"130_S_0505","3/3"
"130_S_0532","4/4"
"016_S_0538","3/3"
"132_S_0451","3/4"
"037_S_0539","3/4"
"127_S_0524","3/3"
"128_S_0545","3/3"
"136_S_0426","3/4"
"005_S_0546","3/4"
"006_S_0547","3/3"
"014_S_0548","3/4"
"022_S_0544","3/3"
"098_S_0542","3/3"
"005_S_0553","2/3"
"013_S_0550","3/4"
"031_S_0554","3/4"
"037_S_0552","3/4"
"041_S_0549","3/4"
"133_S_0556","2/4"
"033_S_0514","3/3"
"033_S_0516","3/3"
"002_S_0559","3/4"
"013_S_0502","3/3"
"014_S_0557","3/4"
"014_S_0563","3/3"
"022_S_0543","3/4"
"035_S_0555","3/4"
"073_S_0311","3/4"
"073_S_0312","3/4"
"126_S_0506","3/3"
"141_S_0561","3/3"
"010_S_0420","3/3"
"031_S_0568","3/3"
"037_S_0566","3/4"
"041_S_0571","4/4"
"137_S_0480","2/3"
"022_S_0570","3/4"
"133_S_0525","3/3"
"005_S_0572","4/4"
"010_S_0422","3/3"
"013_S_0574","3/3"
"013_S_0575","3/3"
"036_S_0576","3/3"
"036_S_0577","4/4"
"062_S_0578","3/3"
"130_S_0573","3/3"
"141_S_0364","3/3"
"068_S_0584","3/3"
"002_S_0619","4/4"
"014_S_0558","3/3"
"036_S_0581","3/3"
"036_S_0582","3/4"
"116_S_0487","3/4"
"133_S_0583","2/4"
"141_S_0591","3/4"
"013_S_0592","3/4"
"016_S_0590","3/4"
"037_S_0588","4/4"
"141_S_0593","3/4"
"141_S_0594","3/4"
"020_S_0623","3/4"
"041_S_0598","3/3"
"114_S_0601","3/3"
"131_S_0497","4/4"
"136_S_0428","3/3"
"137_S_0443","3/3"
"002_S_0628","3/4"
"005_S_0602","3/3"
"023_S_0604","3/3"
"116_S_0392","4/4"
"128_S_0608","3/3"
"005_S_0610","3/3"
"067_S_0607","3/4"
"098_S_0624","3/3"
"128_S_0611","3/4"
"072_S_0596","3/3"
"023_S_0613","3/3"
"031_S_0618","3/4"
"035_S_0612","3/3"
"126_S_0605","3/4"
"027_S_0644","3/3"
"132_S_0452","3/3"
"021_S_0626","3/3"
"023_S_0625","3/3"
"127_S_0622","3/4"
"137_S_0631","3/4"
"137_S_0617","3/3"
"021_S_0630","3/4"
"037_S_0627","4/4"
"133_S_0629","4/4"
"133_S_0638","4/4"
"006_S_0632","4/4"
"053_S_0621","3/4"
"127_S_0398","3/4"
"141_S_0636","3/3"
"021_S_0642","3/3"
"018_S_0633","3/4"
"141_S_0379","4/4"
"031_S_0646","3/3"
"073_S_0620","3/4"
"082_S_0640","3/3"
"136_S_0429","3/3"
"012_S_0634","3/3"
"021_S_0647","3/3"
"020_S_0651","3/3"
"057_S_0643","4/4"
"082_S_0537","3/3"
"082_S_0641","3/4"
"006_S_0653","4/4"
"013_S_0654","3/3"
"141_S_0660","3/3"
"141_S_0661","3/3"
"012_S_0637","2/3"
"131_S_0664","3/4"
"137_S_0615","3/3"
"073_S_0565","4/4"
"098_S_0667","3/4"
"052_S_0671","3/4"
"133_S_0674","3/3"
"068_S_0476","3/4"
"006_S_0675","3/3"
"012_S_0659","3/4"
"013_S_0238","3/4"
"032_S_0677","3/3"
"041_S_0676","3/4"
"041_S_0679","3/3"
"010_S_0472","2/3"
"036_S_0678","3/4"
"006_S_0681","3/4"
"126_S_0680","2/3"
"136_S_0579","3/4"
"137_S_0668","3/3"
"137_S_0686","2/3"
"010_S_0662","4/4"
"012_S_0670","3/3"
"018_S_0682","3/4"
"021_S_0688","3/4"
"013_S_0699","3/3"
"002_S_0685","3/3"
"012_S_0689","4/4"
"062_S_0690","3/4"
"131_S_0691","3/4"
"094_S_0692","3/4"
"036_S_0656","3/4"
"116_S_0496","3/3"
"128_S_0701","3/3"
"007_S_0698","3/4"
"016_S_0702","3/4"
"141_S_0696","3/4"
"016_S_0707","3/3"
"068_S_0704","4/4"
"012_S_0712","3/3"
"032_S_0718","3/3"
"094_S_0711","3/3"
"094_S_0713","3/4"
"128_S_0715","3/3"
"013_S_0716","3/4"
"141_S_0717","3/3"
"031_S_0719","3/3"
"033_S_0724","3/3"
"033_S_0725","3/4"
"012_S_0720","3/3"
"062_S_0730","3/4"
"126_S_0708","2/4"
"133_S_0727","4/4"
"141_S_0726","3/4"
"002_S_0729","3/4"
"006_S_0731","3/3"
"014_S_0658","3/3"
"126_S_0606","4/4"
"127_S_0684","3/3"
"033_S_0733","4/4"
"033_S_0734","3/3"
"036_S_0672","2/3"
"036_S_0673","4/4"
"033_S_0723","3/3"
"033_S_0739","3/4"
"126_S_0709","3/4"
"128_S_0740","3/4"
"137_S_0669","3/4"
"137_S_0722","3/3"
"033_S_0741","3/4"
"062_S_0749","2/3"
"100_S_0743","3/3"
"022_S_0750","3/4"
"009_S_0751","2/3"
"109_S_0742","2/4"
"021_S_0753","4/4"
"041_S_0756","3/3"
"109_S_0755","3/3"
"002_S_0763","3/4"
"062_S_0768","3/4"
"016_S_0769","3/3"
"082_S_0762","3/4"
"100_S_0780","3/3"
"116_S_0649","2/4"
"128_S_0770","3/3"
"133_S_0771","3/3"
"116_S_0648","3/3"
"031_S_0773","3/4"
"082_S_0761","3/3"
"098_S_0776","3/4"
"109_S_0777","3/4"
"002_S_0782","3/3"
"057_S_0779","3/4"
"100_S_0781","3/4"
"036_S_0728","3/3"
"129_S_0778","3/4"
"130_S_0783","3/3"
"036_S_0748","3/4"
"041_S_0721","4/4"
"137_S_0744","3/4"
"141_S_0790","3/4"
"012_S_0706","3/3"
"133_S_0792","3/3"
"141_S_0767","3/3"
"131_S_0436","3/4"
"062_S_0793","3/4"
"098_S_0811","2/4"
"068_S_0802","3/3"
"137_S_0797","3/3"
"137_S_0796","3/3"
"100_S_0747","3/4"
"010_S_0788","3/4"
"036_S_0759","3/4"
"116_S_0752","3/4"
"132_S_0804","3/3"
"137_S_0800","4/4"
"128_S_0805","3/4"
"012_S_0803","3/3"
"132_S_0757","3/3"
"116_S_0657","2/3"
"141_S_0810","3/3"
"036_S_0760","3/4"
"036_S_0813","3/3"
"067_S_0812","4/4"
"002_S_0815","3/3"
"005_S_0814","3/4"
"057_S_0536","4/4"
"057_S_0818","3/3"
"141_S_0820","3/3"
"031_S_0821","3/4"
"057_S_0822","3/3"
"002_S_0816","4/4"
"029_S_0823","2/3"
"029_S_0824","3/3"
"029_S_0831","3/4"
"031_S_0830","3/4"
"100_S_0799","2/3"
"137_S_0825","3/3"
"141_S_0697","2/3"
"027_S_0835","3/4"
"002_S_0833","4/4"
"010_S_0786","3/3"
"023_S_0838","3/4"
"006_S_0521","3/4"
"109_S_0840","3/3"
"057_S_0809","4/4"
"073_S_0518","4/4"
"029_S_0843","3/3"
"141_S_0852","3/4"
"141_S_0853","4/4"
"029_S_0836","3/4"
"009_S_0862","3/4"
"013_S_0860","3/3"
"023_S_0855","3/3"
"031_S_0854","3/3"
"141_S_0851","3/4"
"027_S_0850","3/4"
"013_S_0848","3/3"
"009_S_0842","3/4"
"082_S_0832","3/4"
"029_S_0845","3/4"
"029_S_0849","3/3"
"126_S_0784","3/3"
"023_S_0857","3/3"
"128_S_0863","3/3"
"031_S_0867","3/3"
"057_S_0839","2/3"
"029_S_0866","2/3"
"127_S_0754","3/4"
"029_S_0871","3/3"
"073_S_0774","3/3"
"011_S_0856","3/4"
"029_S_0878","3/4"
"128_S_0875","3/3"
"013_S_0877","3/3"
"052_S_0864","3/4"
"094_S_0879","3/3"
"099_S_0880","3/3"
"109_S_0876","3/3"
"011_S_0861","4/4"
"012_S_0870","3/3"
"023_S_0887","3/4"
"033_S_0888","3/3"
"033_S_0889","2/4"
"130_S_0886","2/3"
"136_S_0695","3/4"
"137_S_0841","2/4"
"041_S_0898","3/3"
"062_S_0902","3/3"
"098_S_0895","3/3"
"098_S_0896","3/3"
"100_S_0893","3/4"
"130_S_0897","3/3"
"021_S_0903","3/4"
"029_S_0914","3/4"
"033_S_0905","3/4"
"033_S_0906","3/4"
"133_S_0912","3/4"
"003_S_0907","3/3"
"003_S_0908","2/3"
"023_S_0916","4/4"
"003_S_0931","3/3"
"094_S_0921","3/4"
"033_S_0923","3/3"
"033_S_0922","3/4"
"033_S_0920","3/4"
"022_S_0924","3/4"
"073_S_0909","3/4"
"126_S_0891","3/4"
"109_S_0882","2/2"
"100_S_0910","3/4"
"057_S_0918","3/4"
"005_S_0929","3/4"
"023_S_0926","3/3"
"082_S_0928","3/3"
"100_S_0892","3/4"
"136_S_0765","3/3"
"002_S_0938","3/3"
"057_S_0934","3/3"
"057_S_0941","4/4"
"094_S_0935","3/4"
"100_S_0930","3/4"
"116_S_0834","3/4"
"137_S_0827","3/3"
"020_S_0883","3/4"
"020_S_0899","3/3"
"023_S_0942","3/3"
"126_S_0865","3/4"
"128_S_0947","3/4"
"007_S_0943","2/3"
"109_S_0950","3/3"
"136_S_0873","3/4"
"002_S_0954","3/4"
"027_S_0948","3/3"
"052_S_0951","3/3"
"052_S_0952","2/4"
"057_S_0957","3/4"
"099_S_0958","3/4"
"130_S_0956","3/3"
"022_S_0961","3/4"
"013_S_0962","3/3"
"002_S_0955","3/4"
"094_S_0964","3/3"
"127_S_0844","3/3"
"067_S_0828","3/4"
"100_S_0965","3/3"
"007_S_0946","3/3"
"127_S_0925","3/3"
"128_S_0974","3/3"
"082_S_0975","3/4"
"032_S_0978","3/4"
"053_S_0919","2/4"
"114_S_0979","3/4"
"109_S_0967","2/2"
"023_S_0963","3/4"
"003_S_0937","3/4"
"003_S_0981","3/3"
"020_S_0983","3/4"
"024_S_0985","2/4"
"021_S_0984","3/4"
"128_S_0992","3/3"
"129_S_0980","3/4"
"130_S_0969","3/3"
"002_S_0971","3/3"
"011_S_0990","3/4"
"013_S_0996","3/3"
"029_S_0999","3/3"
"036_S_0945","3/3"
"052_S_0989","2/4"
"099_S_1000","3/3"
"132_S_0987","4/4"
"012_S_0932","3/3"
"100_S_0995","3/4"
"022_S_1003","3/4"
"041_S_1002","3/3"
"057_S_1007","3/3"
"033_S_1016","3/3"
"072_S_1019","3/3"
"094_S_1015","3/3"
"109_S_1013","3/3"
"109_S_1014","3/3"
"137_S_0973","3/3"
"012_S_1009","4/4"
"036_S_0869","3/4"
"051_S_1040","3/3"
"094_S_1027","4/4"
"137_S_0994","3/4"
"002_S_1005","3/4"
"003_S_1021","2/3"
"009_S_1030","3/3"
"016_S_1028","3/4"
"016_S_0991","2/3"
"021_S_1029","4/4"
"099_S_1034","2/3"
"126_S_1011","3/4"
"133_S_1031","3/3"
"141_S_0915","3/4"
"068_S_0872","3/3"
"032_S_1037","4/4"
"094_S_1039","3/3"
"128_S_1043","3/3"
"029_S_1038","3/4"
"137_S_0993","3/4"
"137_S_1041","4/4"
"023_S_1046","3/4"
"053_S_1044","3/4"
"013_S_1049","3/3"
"002_S_1006","3/3"
"132_S_0808","3/3"
"121_S_1048","3/3"
"003_S_1057","4/4"
"029_S_1056","3/3"
"133_S_1055","3/4"
"003_S_1059","3/3"
"027_S_1045","3/3"
"035_S_0960","3/4"
"121_S_1058","3/3"
"126_S_1050","3/4"
"009_S_1065","3/3"
"024_S_1063","3/4"
"100_S_1062","3/4"
"116_S_0837","3/3"
"127_S_1032","3/4"
"031_S_1066","4/4"
"136_S_0874","4/4"
"012_S_1033","3/4"
"100_S_1067","3/3"
"137_S_1069","3/3"
"121_S_1068","3/3"
"003_S_1074","3/3"
"029_S_1073","3/4"
"051_S_1072","3/3"
"068_S_1075","3/4"
"033_S_1086","3/4"
"033_S_1087","3/4"
"036_S_1001","3/4"
"082_S_1079","3/4"
"121_S_0953","3/3"
"128_S_1088","3/3"
"132_S_0986","3/3"
"016_S_1092","4/4"
"062_S_1091","3/3"
"094_S_1090","4/4"
"121_S_1093","3/3"
"011_S_1080","3/3"
"022_S_1097","3/3"
"033_S_1098","3/4"
"062_S_1099","2/4"
"013_S_1035","3/4"
"116_S_1083","3/3"
"032_S_1101","3/4"
"052_S_1054","3/4"
"094_S_1102","4/4"
"100_S_1085","3/3"
"114_S_1103","3/3"
"023_S_1104","4/4"
"027_S_1082","4/4"
"072_S_1105","3/3"
"021_S_1109","3/4"
"052_S_1108","3/3"
"114_S_1106","3/3"
"002_S_1070","3/3"
"023_S_1111","3/3"
"094_S_1112","3/3"
"109_S_1114","3/3"
"033_S_1116","4/4"
"051_S_1115","3/4"
"037_S_1060","4/4"
"100_S_1113","3/3"
"114_S_1118","3/3"
"016_S_1117","3/3"
"013_S_1120","3/3"
"141_S_1004","3/4"
"141_S_1052","3/4"
"141_S_1094","3/3"
"141_S_1024","3/4"
"012_S_0917","3/3"
"006_S_1130","3/4"
"014_S_1095","3/4"
"003_S_1122","3/3"
"016_S_1121","3/3"
"035_S_0997","3/3"
"073_S_0746","3/3"
"082_S_1119","3/3"
"126_S_1077","3/3"
"127_S_1107","3/3"
"132_S_1084","2/4"
"132_S_0988","3/4"
"023_S_1126","3/3"
"073_S_0652","3/3"
"131_S_1127","3/4"
"141_S_1128","3/3"
"002_S_1018","3/3"
"016_S_1132","3/3"
"037_S_1078","4/4"
"051_S_1123","3/4"
"051_S_1131","3/3"
"137_S_0972","3/4"
"010_S_0904","3/3"
"012_S_1143","3/4"
"016_S_1138","4/4"
"036_S_0976","2/3"
"057_S_1139","4/4"
"099_S_1144","3/4"
"121_S_1141","3/3"
"133_S_0913","3/3"
"137_S_1134","3/4"
"141_S_1051","3/3"
"141_S_1136","3/3"
"141_S_1137","3/3"
"003_S_1145","3/3"
"128_S_1148","4/4"
"052_S_1168","3/3"
"011_S_1146","3/3"
"016_S_1149","3/3"
"099_S_1150","3/3"
"100_S_1147","3/3"
"141_S_1152","3/4"
"002_S_1155","3/3"
"100_S_1154","3/4"
"109_S_1157","3/4"
"109_S_1158","4/4"
"002_S_1156","3/3"
"005_S_1162","3/3"
"094_S_1164","2/3"
"098_S_1160","3/3"
"127_S_1140","3/3"
"013_S_1161","3/3"
"013_S_1163","2/3"
"022_S_1167","3/4"
"114_S_1166","3/3"
"141_S_0982","3/3"
"041_S_1010","3/4"
"012_S_1165","3/4"
"024_S_1171","3/4"
"032_S_1169","3/3"
"094_S_1172","3/3"
"128_S_1173","3/4"
"133_S_1170","3/4"
"036_S_1023","3/4"
"013_S_1174","3/3"
"128_S_1178","3/3"
"031_S_1177","3/3"
"128_S_1181","3/3"
"013_S_1179","3/3"
"062_S_1182","3/3"
"100_S_1180","3/4"
"012_S_1175","3/3"
"029_S_1184","3/3"
"109_S_1183","3/3"
"094_S_1188","2/4"
"023_S_1190","3/3"
"036_S_1135","3/4"
"068_S_1191","3/3"
"109_S_1192","3/4"
"009_S_1199","3/3"
"012_S_1133","3/3"
"067_S_1185","3/4"
"072_S_1211","3/3"
"029_S_1215","3/3"
"013_S_1205","3/3"
"029_S_1218","2/3"
"012_S_1212","3/3"
"027_S_1213","3/4"
"031_S_1209","3/4"
"057_S_1217","4/4"
"941_S_1197","2/3"
"005_S_1224","3/3"
"007_S_1206","3/3"
"027_S_1081","3/4"
"100_S_1226","3/3"
"126_S_1187","3/4"
"037_S_1225","3/3"
"073_S_1207","3/4"
"941_S_1194","3/3"
"073_S_1208","3/4"
"116_S_0890","4/4"
"121_S_1214","3/4"
"098_S_0884","3/3"
"007_S_1222","2/3"
"099_S_1230","3/4"
"141_S_1245","2/3"
"941_S_1202","3/3"
"013_S_1186","3/3"
"126_S_1196","3/4"
"128_S_1236","3/3"
"941_S_1203","3/3"
"126_S_1221","3/4"
"094_S_1238","3/3"
"094_S_1241","3/3"
"100_S_1235","3/3"
"116_S_1232","3/3"
"127_S_1210","3/3"
"128_S_1242","2/3"
"137_S_1151","3/4"
"129_S_1246","3/4"
"130_S_1200","3/3"
"130_S_1201","3/3"
"023_S_1247","3/3"
"023_S_1262","3/3"
"003_S_1257","3/4"
"027_S_1254","3/3"
"067_S_1253","3/3"
"141_S_1255","3/3"
"100_S_1258","2/3"
"016_S_1263","3/4"
"082_S_1256","3/4"
"094_S_1267","2/3"
"941_S_1195","3/3"
"020_S_1266","3/3"
"057_S_1265","3/4"
"057_S_1269","2/3"
"116_S_1249","3/4"
"002_S_1268","3/4"
"051_S_1270","3/3"
"052_S_1250","2/3"
"007_S_1248","2/3"
"094_S_1274","3/3"
"100_S_1233","3/3"
"013_S_1276","3/3"
"033_S_1279","4/4"
"033_S_1281","4/4"
"041_S_1260","3/3"
"100_S_1259","2/3"
"116_S_1243","3/4"
"012_S_1302","3/3"
"027_S_1277","3/4"
"033_S_1283","3/4"
"033_S_1284","3/4"
"033_S_1285","2/4"
"126_S_1220","3/3"
"136_S_1227","3/3"
"002_S_1261","3/3"
"010_S_0829","4/4"
"020_S_1288","3/3"
"023_S_1289","3/4"
"062_S_1294","3/4"
"073_S_1287","3/4"
"094_S_1293","4/4"
"130_S_1290","3/4"
"002_S_1280","3/4"
"005_S_1142","3/3"
"011_S_1282","3/3"
"013_S_1275","4/4"
"036_S_1240","4/4"
"051_S_1296","4/4"
"062_S_1299","3/3"
"100_S_1286","3/3"
"141_S_1244","3/3"
"941_S_1295","3/4"
"100_S_1298","3/4"
"123_S_1300","3/3"
"131_S_1301","3/4"
"141_S_1231","3/4"
"024_S_1307","3/4"
"023_S_1306","3/4"
"033_S_1308","3/4"
"033_S_1309","4/4"
"052_S_1251","3/3"
"100_S_1303","2/3"
"127_S_1264","2/3"
"029_S_1318","3/3"
"067_S_1320","3/4"
"116_S_1271","3/4"
"012_S_1321","3/3"
"116_S_1312","3/3"
"016_S_1326","3/4"
"121_S_1322","4/4"
"007_S_1304","3/4"
"027_S_1234","3/4"
"027_S_1329","3/4"
"094_S_1330","2/4"
"129_S_1204","4/4"
"009_S_1334","3/4"
"012_S_1292","3/3"
"027_S_1333","4/4"
"032_S_1332","3/3"
"027_S_1335","3/4"
"051_S_1331","3/3"
"005_S_1341","3/4"
"024_S_1345","3/4"
"051_S_1338","3/3"
"109_S_1343","3/4"
"130_S_1337","3/3"
"022_S_1351","4/4"
"941_S_1311","4/4"
"121_S_1348","3/3"
"121_S_1350","3/4"
"121_S_1316","3/4"
"094_S_1314","2/3"
"126_S_1340","3/4"
"009_S_1354","4/4"
"109_S_1356","3/3"
"007_S_1339","3/3"
"132_S_1047","3/4"
"022_S_1366","3/3"
"052_S_1352","3/3"
"057_S_1371","3/4"
"057_S_1373","3/4"
"116_S_1315","3/3"
"041_S_1368","3/3"
"057_S_1379","3/3"
"082_S_1377","4/4"
"941_S_1363","3/4"
"073_S_1357","3/4"
"141_S_1378","3/4"
"029_S_1384","4/4"
"068_S_1386","3/4"
"073_S_1358","3/3"
"027_S_1385","4/4"
"027_S_1387","3/4"
"020_S_1110","3/4"
"131_S_1389","2/4"
"024_S_1393","3/3"
"013_S_1388","3/3"
"072_S_1380","3/3"
"052_S_1346","3/4"
"041_S_1391","3/3"
"127_S_1382","3/3"
"094_S_1397","3/3"
"094_S_1395","3/3"
"123_S_1336","4/4"
"094_S_1398","3/4"
"024_S_1399","3/4"
"024_S_1400","3/3"
"094_S_1401","3/3"
"022_S_1394","3/4"
"094_S_1402","3/3"
"128_S_1406","3/3"
"128_S_1407","3/4"
"128_S_1409","3/4"
"041_S_1411","3/3"
"041_S_1412","3/4"
"128_S_1408","3/3"
"094_S_1417","3/3"
"041_S_1418","3/3"
"137_S_1413","3/4"
"041_S_1420","3/3"
"137_S_1416","2/3"
"137_S_1414","3/4"
"127_S_1419","3/4"
"041_S_1423","3/4"
"041_S_1425","3/3"
"127_S_1427","3/3"
"137_S_1426","3/3"
"128_S_1430","3/4"
"037_S_1421","3/4"
"041_S_1435","3/4"
"094_S_1431","3/3"
"128_S_2002","3/3"
"128_S_2003","3/3"
"016_S_2007","3/3"
"002_S_2010","3/4"
"128_S_2011","3/3"
"031_S_2018","3/3"
"031_S_2022","3/4"
"072_S_2026","3/3"
"072_S_2027","3/3"
"016_S_2031","3/3"
"128_S_2036","3/3"
"072_S_2037","2/4"
"099_S_2042","3/3"
"002_S_2043","3/4"
"128_S_2045","3/4"
"098_S_2047","3/4"
"098_S_2052","3/3"
"123_S_2055","3/4"
"128_S_2057","3/3"
"007_S_2058","3/4"
"941_S_2060","3/3"
"035_S_2061","3/3"
"099_S_2063","3/4"
"023_S_2068","3/4"
"072_S_2070","3/3"
"072_S_2072","3/3"
"002_S_2073","3/3"
"035_S_2074","3/4"
"021_S_2077","3/3"
"098_S_2079","3/3"
"072_S_2083","3/3"
"022_S_2087","3/4"
"072_S_2093","3/4"
"082_S_2099","3/3"
"021_S_2100","3/3"
"007_S_2106","3/3"
"153_S_2109","3/3"
"072_S_2116","2/3"
"032_S_2119","2/3"
"082_S_2121","3/4"
"128_S_2123","3/3"
"021_S_2124","3/3"
"021_S_2125","3/3"
"128_S_2130","3/3"
"018_S_2133","4/4"
"018_S_2138","3/4"
"021_S_2142","3/3"
"099_S_2146","3/3"
"153_S_2148","3/3"
"021_S_2150","3/4"
"128_S_2151","2/3"
"073_S_2153","2/3"
"018_S_2155","4/4"
"072_S_2164","3/3"
"022_S_2167","3/3"
"068_S_2168","2/3"
"068_S_2171","3/4"
"018_S_2180","3/3"
"073_S_2182","3/3"
"027_S_2183","3/3"
"068_S_2184","2/4"
"014_S_2185","3/3"
"068_S_2187","3/4"
"073_S_2190","3/3"
"073_S_2191","3/3"
"068_S_2193","3/3"
"068_S_2194","3/4"
"067_S_2195","4/4"
"067_S_2196","3/4"
"035_S_2199","3/3"
"109_S_2200","3/3"
"094_S_2201","3/3"
"099_S_2205","3/3"
"009_S_2208","3/4"
"141_S_2210","3/3"
"127_S_2213","3/3"
"094_S_2216","3/4"
"027_S_2219","3/3"
"128_S_2220","3/3"
"073_S_2225","3/3"
"031_S_2233","3/4"
"127_S_2234","2/3"
"109_S_2237","3/3"
"094_S_2238","3/3"
"024_S_2239","3/4"
"032_S_2240","3/4"
"027_S_2245","4/4"
"032_S_2247","3/3"
"068_S_2248","3/4"
"052_S_2249","3/3"
"022_S_2263","3/4"
"073_S_2264","3/4"
"011_S_2274","3/4"
"109_S_2278","3/4"
"016_S_2284","3/4"
"067_S_2301","3/3"
"067_S_2304","2/3"
"082_S_2307","3/3"
"014_S_2308","3/3"
"068_S_2315","3/3"
"068_S_2316","3/4"
"013_S_2324","3/4"
"129_S_2332","2/3"
"141_S_2333","3/4"
"027_S_2336","3/4"
"129_S_2347","3/4"
"053_S_2357","2/3"
"126_S_2360","3/4"
"123_S_2363","3/3"
"094_S_2367","3/4"
"130_S_2373","3/4"
"003_S_2374","3/3"
"029_S_2376","3/4"
"036_S_2378","3/4"
"022_S_2379","3/3"
"036_S_2380","4/4"
"009_S_2381","4/4"
"013_S_2389","3/3"
"005_S_2390","3/3"
"130_S_2391","3/4"
"114_S_2392","3/3"
"007_S_2394","4/4"
"029_S_2395","3/4"
"053_S_2396","3/3"
"057_S_2398","4/4"
"130_S_2403","3/3"
"126_S_2405","3/3"
"126_S_2407","3/3"
"037_S_4001","3/3"
"098_S_4003","3/4"
"041_S_4004","3/3"
"031_S_4005","3/4"
"072_S_4007","3/4"
"016_S_4009","3/3"
"116_S_4010","3/3"
"012_S_4012","3/3"
"041_S_4014","3/3"
"037_S_4015","3/4"
"098_S_4018","3/3"
"023_S_4020","2/3"
"031_S_4021","3/3"
"099_S_4022","3/4"
"031_S_4024","3/4"
"012_S_4026","2/3"
"037_S_4028","3/3"
"031_S_4029","4/4"
"037_S_4030","3/4"
"031_S_4032","3/3"
"023_S_4034","4/4"
"023_S_4035","3/4"
"941_S_4036","3/3"
"041_S_4037","3/3"
"014_S_4039","3/4"
"041_S_4041","3/3"
"031_S_4042","3/3"
"116_S_4043","3/3"
"098_S_4050","3/3"
"041_S_4051","3/3"
"141_S_4053","4/4"
"067_S_4054","3/3"
"072_S_4057","3/4"
"014_S_4058","3/4"
"098_S_4059","4/4"
"041_S_4060","2/3"
"068_S_4061","3/4"
"072_S_4063","3/3"
"941_S_4066","3/3"
"068_S_4067","3/3"
"037_S_4071","3/3"
"067_S_4072","3/3"
"129_S_4073","2/3"
"011_S_4075","3/4"
"099_S_4076","3/3"
"153_S_4077","3/3"
"014_S_4079","3/4"
"014_S_4080","3/3"
"003_S_4081","3/4"
"035_S_4082","3/4"
"024_S_4084","3/3"
"099_S_4086","3/3"
"094_S_4089","3/4"
"082_S_4090","2/3"
"116_S_4092","3/3"
"014_S_4093","3/3"
"012_S_4094","3/3"
"098_S_4095","2/3"
"123_S_4096","4/4"
"016_S_4097","3/3"
"941_S_4100","3/3"
"072_S_4102","3/3"
"072_S_4103","3/3"
"099_S_4104","3/3"
"011_S_4105","3/3"
"035_S_4114","3/4"
"023_S_4115","3/3"
"003_S_4119","3/3"
"011_S_4120","3/3"
"016_S_4121","3/3"
"023_S_4122","3/3"
"153_S_4125","3/4"
"123_S_4127","3/3"
"012_S_4128","3/4"
"072_S_4131","3/4"
"153_S_4133","3/4"
"068_S_4134","3/4"
"003_S_4136","3/4"
"041_S_4138","2/3"
"153_S_4139","3/3"
"041_S_4143","3/3"
"037_S_4146","4/4"
"127_S_4148","3/3"
"031_S_4149","3/4"
"006_S_4150","3/3"
"153_S_4151","2/3"
"003_S_4152","3/3"
"006_S_4153","3/4"
"073_S_4155","3/4"
"099_S_4157","3/3"
"024_S_4158","2/3"
"153_S_4159","3/3"
"141_S_4160","3/3"
"094_S_4162","4/4"
"023_S_4164","3/3"
"116_S_4167","3/4"
"005_S_4168","3/4"
"024_S_4169","3/3"
"123_S_4170","2/4"
"002_S_4171","3/3"
"153_S_4172","3/3"
"022_S_4173","2/3"
"068_S_4174","3/4"
"116_S_4175","3/4"
"033_S_4176","3/4"
"033_S_4177","3/3"
"033_S_4179","4/4"
"067_S_4184","3/3"
"005_S_4185","3/3"
"024_S_4186","3/3"
"941_S_4187","2/3"
"012_S_4188","3/4"
"136_S_4189","3/4"
"006_S_4192","3/4"
"031_S_4194","2/3"
"116_S_4195","4/4"
"022_S_4196","3/3"
"127_S_4197","3/4"
"127_S_4198","3/4"
"116_S_4199","3/3"
"041_S_4200","2/3"
"098_S_4201","4/4"
"099_S_4202","2/3"
"031_S_4203","3/4"
"099_S_4205","3/3"
"072_S_4206","3/3"
"082_S_4208","3/3"
"116_S_4209","3/3"
"127_S_4210","3/4"
"137_S_4211","3/3"
"067_S_4212","2/3"
"002_S_4213","3/3"
"037_S_4214","3/3"
"098_S_4215","3/4"
"073_S_4216","2/3"
"068_S_4217","3/3"
"031_S_4218","3/3"
"002_S_4219","3/3"
"129_S_4220","3/3"
"011_S_4222","3/4"
"024_S_4223","3/3"
"082_S_4224","3/3"
"002_S_4225","3/4"
"072_S_4226","3/3"
"002_S_4229","3/3"
"141_S_4232","3/3"
"094_S_4234","3/4"
"011_S_4235","3/3"
"002_S_4237","3/3"
"127_S_4240","4/4"
"023_S_4241","3/3"
"023_S_4243","3/3"
"082_S_4244","2/3"
"021_S_4245","3/4"
"130_S_4250","3/4"
"002_S_4251","3/3"
"019_S_4252","3/4"
"021_S_4254","3/3"
"941_S_4255","3/4"
"035_S_4256","3/4"
"018_S_4257","3/3"
"137_S_4258","3/4"
"073_S_4259","3/4"
"109_S_4260","2/2"
"002_S_4262","3/3"
"014_S_4263","3/4"
"002_S_4264","2/2"
"022_S_4266","3/4"
"013_S_4268","3/3"
"136_S_4269","2/3"
"002_S_4270","3/4"
"041_S_4271","2/3"
"007_S_4272","3/3"
"068_S_4274","3/4"
"098_S_4275","3/3"
"021_S_4276","3/4"
"032_S_4277","2/3"
"011_S_4278","3/4"
"029_S_4279","3/3"
"024_S_4280","3/4"
"135_S_4281","3/3"
"094_S_4282","3/4"
"019_S_4285","3/3"
"129_S_4287","3/4"
"003_S_4288","3/3"
"029_S_4290","3/4"
"022_S_4291","3/3"
"941_S_4292","3/3"
"019_S_4293","3/3"
"130_S_4294","3/4"
"153_S_4297","2/4"
"137_S_4299","2/3"
"073_S_4300","3/3"
"127_S_4301","3/3"
"037_S_4302","3/3"
"137_S_4303","3/4"
"029_S_4307","3/4"
"037_S_4308","2/3"
"135_S_4309","3/4"
"067_S_4310","3/4"
"073_S_4311","3/3"
"073_S_4312","2/4"
"018_S_4313","3/4"
"022_S_4320","3/3"
"009_S_4324","2/4"
"029_S_4327","4/4"
"014_S_4328","3/4"
"137_S_4331","3/4"
"068_S_4332","3/3"
"021_S_4335","3/3"
"009_S_4337","3/3"
"116_S_4338","3/3"
"082_S_4339","4/4"
"068_S_4340","3/3"
"130_S_4343","3/3"
"010_S_4345","2/3"
"006_S_4346","4/4"
"032_S_4348","4/4"
"018_S_4349","3/3"
"003_S_4350","3/3"
"137_S_4351","3/4"
"130_S_4352","3/3"
"016_S_4353","3/4"
"003_S_4354","3/3"
"135_S_4356","3/3"
"006_S_4357","3/3"
"009_S_4359","3/4"
"073_S_4360","3/3"
"006_S_4363","3/3"
"941_S_4365","3/3"
"011_S_4366","3/4"
"019_S_4367","3/4"
"129_S_4369","3/3"
"129_S_4371","3/4"
"153_S_4372","3/3"
"003_S_4373","3/4"
"941_S_4376","3/3"
"941_S_4377","3/4"
"114_S_4379","3/3"
"109_S_4380","2/3"
"037_S_4381","3/4"
"073_S_4382","3/3"
"072_S_4383","2/3"
"029_S_4384","3/3"
"029_S_4385","3/4"
"032_S_4386","3/3"
"007_S_4387","3/4"
"009_S_4388","4/4"
"036_S_4389","2/3"
"072_S_4390","3/3"
"072_S_4391","3/3"
"024_S_4392","3/3"
"073_S_4393","3/3"
"072_S_4394","3/3"
"013_S_4395","3/3"
"129_S_4396","3/3"
"018_S_4399","3/4"
"018_S_4400","3/4"
"014_S_4401","3/4"
"021_S_4402","2/4"
"073_S_4403","4/4"
"114_S_4404","3/3"
"130_S_4405","3/4"
"135_S_4406","3/3"
"136_S_4408","2/3"
"037_S_4410","3/3"
"035_S_4414","3/4"
"130_S_4415","4/4"
"130_S_4417","3/3"
"021_S_4419","2/4"
"941_S_4420","3/3"
"021_S_4421","2/3"
"129_S_4422","2/3"
"141_S_4423","3/3"
"068_S_4424","3/4"
"141_S_4426","2/3"
"041_S_4427","3/3"
"082_S_4428","3/3"
"032_S_4429","3/3"
"036_S_4430","3/3"
"068_S_4431","3/3"
"037_S_4432","3/3"
"136_S_4433","3/4"
"094_S_4434","3/3"
"141_S_4438","3/3"
"003_S_4441","3/3"
"010_S_4442","2/4"
"073_S_4443","3/3"
"022_S_4444","3/3"
"072_S_4445","3/3"
"135_S_4446","3/3"
"002_S_4447","3/4"
"023_S_4448","3/3"
"006_S_4449","3/3"
"116_S_4453","3/3"
"109_S_4455","3/3"
"141_S_4456","3/3"
"126_S_4458","3/4"
"072_S_4462","3/3"
"099_S_4463","3/4"
"035_S_4464","3/4"
"072_S_4465","3/4"
"137_S_4466","3/3"
"007_S_4467","4/4"
"130_S_4468","3/3"
"100_S_4469","3/4"
"002_S_4473","3/4"
"031_S_4474","3/3"
"099_S_4475","3/4"
"031_S_4476","3/3"
"019_S_4477","3/4"
"099_S_4480","3/4"
"137_S_4482","3/3"
"116_S_4483","3/3"
"006_S_4485","3/3"
"007_S_4488","3/3"
"135_S_4489","3/3"
"036_S_4491","3/3"
"126_S_4494","4/4"
"031_S_4496","3/4"
"099_S_4498","3/3"
"109_S_4499","2/3"
"127_S_4500","3/3"
"023_S_4501","3/4"
"023_S_4502","4/4"
"094_S_4503","3/3"
"033_S_4505","3/3"
"098_S_4506","3/3"
"126_S_4507","3/4"
"033_S_4508","3/3"
"041_S_4510","3/4"
"100_S_4512","3/3"
"041_S_4513","3/4"
"126_S_4514","3/4"
"006_S_4515","3/4"
"007_S_4516","3/3"
"136_S_4517","3/3"
"137_S_4520","3/3"
"002_S_4521","3/4"
"072_S_4522","3/3"
"003_S_4524","4/4"
"123_S_4526","4/4"
"009_S_4530","3/4"
"109_S_4531","3/4"
"137_S_4536","2/3"
"036_S_4538","2/4"
"072_S_4539","3/3"
"073_S_4540","2/3"
"130_S_4542","4/4"
"009_S_4543","3/3"
"012_S_4545","2/3"
"006_S_4546","3/4"
"011_S_4547","3/3"
"019_S_4548","3/3"
"019_S_4549","2/3"
"073_S_4552","3/4"
"128_S_4553","3/3"
"003_S_4555","3/4"
"100_S_4556","3/3"
"053_S_4557","3/3"
"021_S_4558","3/4"
"073_S_4559","2/3"
"094_S_4560","2/3"
"036_S_4562","4/4"
"009_S_4564","3/4"
"099_S_4565","3/3"
"135_S_4566","3/4"
"007_S_4568","3/4"
"128_S_4571","3/4"
"014_S_4576","3/3"
"014_S_4577","4/4"
"053_S_4578","2/3"
"013_S_4579","3/3"
"013_S_4580","4/4"
"035_S_4582","3/4"
"016_S_4583","3/3"
"016_S_4584","3/4"
"029_S_4585","3/4"
"128_S_4586","3/3"
"137_S_4587","3/4"
"130_S_4589","4/4"
"031_S_4590","3/3"
"016_S_4591","3/4"
"109_S_4594","3/4"
"013_S_4595","3/3"
"137_S_4596","3/3"
"018_S_4597","3/3"
"135_S_4598","3/3"
"128_S_4599","3/4"
"016_S_4601","3/3"
"128_S_4603","3/3"
"127_S_4604","3/4"
"130_S_4605","3/3"
"128_S_4607","3/4"
"128_S_4609","3/3"
"072_S_4610","2/3"
"007_S_4611","3/4"
"009_S_4612","3/4"
"072_S_4613","2/3"
"073_S_4614","3/4"
"014_S_4615","3/3"
"013_S_4616","3/3"
"007_S_4620","3/3"
"153_S_4621","3/3"
"137_S_4623","3/4"
"127_S_4624","3/4"
"116_S_4625","4/4"
"052_S_4626","3/3"
"041_S_4629","3/3"
"094_S_4630","3/3"
"137_S_4631","3/3"
"137_S_4632","3/3"
"116_S_4635","3/4"
"128_S_4636","3/4"
"007_S_4637","3/3"
"016_S_4638","3/3"
"130_S_4641","4/4"
"012_S_4643","3/3"
"003_S_4644","3/4"
"127_S_4645","2/3"
"016_S_4646","3/4"
"094_S_4649","3/3"
"029_S_4652","3/3"
"128_S_4653","2/3"
"002_S_4654","3/3"
"135_S_4657","3/4"
"021_S_4659","4/4"
"130_S_4660","3/4"
"053_S_4661","3/4"
"014_S_4668","3/4"
"128_S_4671","3/4"
"137_S_4672","4/4"
"024_S_4674","3/4"
"126_S_4675","3/4"
"135_S_4676","3/4"
"137_S_4678","3/4"
"006_S_4679","3/4"
"019_S_4680","4/4"
"126_S_4686","3/4"
"016_S_4688","3/3"
"135_S_4689","4/4"
"070_S_4692","4/4"
"072_S_4694","3/4"
"018_S_4696","3/4"
"037_S_4706","3/4"
"005_S_4707","3/4"
"070_S_4708","3/4"
"141_S_4711","3/3"
"126_S_4712","3/4"
"006_S_4713","3/4"
"036_S_4714","4/4"
"036_S_4715","3/3"
"021_S_4718","3/4"
"070_S_4719","3/4"
"041_S_4720","4/4"
"031_S_4721","3/3"
"135_S_4722","3/3"
"135_S_4723","3/3"
"067_S_4728","3/4"
"027_S_4729","3/3"
"130_S_4730","3/4"
"116_S_4732","3/3"
"018_S_4733","3/4"
"036_S_4736","4/4"
"094_S_4737","3/4"
"073_S_4739","3/3"
"009_S_4741","3/3"
"128_S_4742","3/3"
"126_S_4743","3/4"
"021_S_4744","4/4"
"128_S_4745","3/3"
"002_S_4746","3/3"
"037_S_4750","3/3"
"032_S_4755","3/3"
"137_S_4756","3/4"
"027_S_4757","4/4"
"073_S_4762","3/3"
"941_S_4764","3/3"
"127_S_4765","3/4"
"067_S_4767","3/4"
"072_S_4769","3/3"
"037_S_4770","3/4"
"128_S_4772","3/3"
"128_S_4774","3/3"
"073_S_4777","3/3"
"123_S_4780","3/3"
"067_S_4782","4/4"
"035_S_4783","3/4"
"035_S_4784","2/3"
"035_S_4785","3/3"
"013_S_4791","3/4"
"128_S_4792","3/3"
"070_S_4793","3/3"
"073_S_4795","3/3"
"023_S_4796","2/3"
"070_S_4798","3/3"
"002_S_4799","3/3"
"027_S_4801","4/4"
"027_S_4802","3/4"
"141_S_4803","3/3"
"027_S_4804","3/4"
"022_S_4805","3/4"
"123_S_4806","3/3"
"052_S_4807","3/4"
"018_S_4809","3/4"
"053_S_4813","3/3"
"009_S_4814","3/3"
"137_S_4815","4/4"
"137_S_4816","4/4"
"130_S_4817","4/4"
"036_S_4820","2/2"
"032_S_4823","3/3"
"073_S_4825","3/3"
"011_S_4827","2/4"
"128_S_4832","2/3"
"019_S_4835","3/3"
"136_S_4836","3/4"
"153_S_4838","3/3"
"128_S_4842","2/3"
"127_S_4843","3/3"
"127_S_4844","2/4"
"011_S_4845","3/4"
"012_S_4849","4/4"
"137_S_4852","4/4"
"073_S_4853","3/4"
"116_S_4855","3/4"
"070_S_4856","2/3"
"021_S_4857","3/4"
"094_S_4858","4/4"
"068_S_4859","3/4"
"137_S_4862","3/3"
"135_S_4863","4/4"
"006_S_4867","4/4"
"018_S_4868","4/4"
"027_S_4869","2/3"
"072_S_4871","3/3"
"003_S_4872","3/4"
"027_S_4873","3/3"
"041_S_4874","3/4"
"041_S_4876","3/4"
"041_S_4877","3/4"
"036_S_4878","3/3"
"037_S_4879","4/4"
"130_S_4883","3/3"
"052_S_4885","3/4"
"016_S_4887","3/4"
"057_S_4888","4/4"
"018_S_4889","3/3"
"126_S_4891","4/4"
"003_S_4892","3/4"
"011_S_4893","3/4"
"036_S_4894","3/4"
"126_S_4896","3/4"
"057_S_4897","3/3"
"116_S_4898","3/4"
"036_S_4899","3/4"
"003_S_4900","3/3"
"016_S_4902","3/4"
"009_S_4903","3/4"
"123_S_4904","4/4"
"024_S_4905","3/4"
"011_S_4906","3/3"
"141_S_4907","3/4"
"057_S_4909","3/4"
"005_S_4910","3/3"
"007_S_4911","3/3"
"011_S_4912","4/4"
"013_S_4917","3/3"
"067_S_4918","3/4"
"027_S_4919","3/3"
"020_S_4920","4/4"
"032_S_4921","3/3"
"022_S_4922","4/4"
"021_S_4924","2/3"
"130_S_4925","3/3"
"027_S_4926","3/4"
"127_S_4928","3/4"
"051_S_4929","3/4"
"027_S_4936","3/3"
"027_S_4938","3/4"
"127_S_4940","3/3"
"072_S_4941","3/4"
"027_S_4943","3/4"
"052_S_4944","3/4"
"052_S_4945","3/4"
"031_S_4947","3/4"
"011_S_4949","4/4"
"016_S_4951","3/4"
"016_S_4952","3/4"
"135_S_4954","4/4"
"027_S_4955","3/4"
"009_S_4958","3/4"
"052_S_4959","3/4"
"006_S_4960","3/4"
"027_S_4962","4/4"
"027_S_4964","3/3"
"027_S_4966","3/3"
"130_S_4971","3/4"
"041_S_4974","3/3"
"141_S_4976","3/4"
"051_S_4980","3/4"
"130_S_4982","4/4"
"130_S_4984","3/4"
"013_S_4985","3/4"
"073_S_4986","3/4"
"012_S_4987","3/3"
"041_S_4989","3/3"
"130_S_4990","3/4"
"127_S_4992","3/4"
"136_S_4993","3/4"
"099_S_4994","3/4"
"130_S_4997","3/3"
"009_S_5000","3/4"
"022_S_5004","3/3"
"051_S_5005","4/4"
"130_S_5006","3/4"
"016_S_5007","2/3"
"019_S_5012","4/4"
"033_S_5013","3/3"
"082_S_5014","3/3"
"135_S_5015","3/4"
"073_S_5016","4/4"
"033_S_5017","3/4"
"002_S_5018","4/4"
"019_S_5019","4/4"
"073_S_5023","3/3"
"041_S_5026","3/4"
"009_S_5027","3/3"
"127_S_5028","4/4"
"082_S_5029","4/4"
"016_S_5031","3/3"
"016_S_5032","3/3"
"009_S_5037","3/4"
"005_S_5038","3/3"
"070_S_5040","3/3"
"114_S_5047","4/4"
"024_S_5054","3/4"
"127_S_5056","3/4"
"016_S_5057","2/3"
"127_S_5058","3/3"
"130_S_5059","3/4"
"052_S_5062","3/4"
"036_S_5063","2/4"
"128_S_5066","3/4"
"127_S_5067","2/3"
"053_S_5070","3/3"
"013_S_5071","4/4"
"100_S_5075","3/3"
"041_S_5078","2/3"
"027_S_5079","3/3"
"041_S_5082","3/3"
"027_S_5083","4/4"
"033_S_5087","3/3"
"073_S_5090","4/4"
"100_S_5091","3/3"
"027_S_5093","3/3"
"127_S_5095","4/4"
"100_S_5096","3/4"
"041_S_5097","3/3"
"021_S_5099","3/4"
"041_S_5100","3/3"
"100_S_5102","2/4"
"100_S_5106","3/3"
"027_S_5109","3/3"
"027_S_5110","3/3"
"036_S_5112","3/4"
"135_S_5113","3/3"
"027_S_5118","3/3"
"005_S_5119","3/3"
"023_S_5120","3/4"
"012_S_5121","2/3"
"128_S_5123","3/4"
"941_S_5124","3/3"
"009_S_5125","3/3"
"037_S_5126","3/3"
"027_S_5127","3/4"
"021_S_5129","3/4"
"003_S_5130","3/4"
"041_S_5131","3/3"
"127_S_5132","2/3"
"029_S_5135","3/4"
"013_S_5137","2/3"
"131_S_5138","3/3"
"020_S_5140","3/3"
"041_S_5141","2/3"
"130_S_5142","3/3"
"009_S_5147","3/3"
"131_S_5148","3/4"
"003_S_5150","2/3"
"006_S_5153","3/3"
"003_S_5154","3/4"
"012_S_5157","3/3"
"029_S_5158","3/3"
"067_S_5159","3/4"
"067_S_5160","3/3"
"037_S_5162","3/3"
"003_S_5165","3/3"
"029_S_5166","3/3"
"073_S_5167","2/3"
"027_S_5169","3/4"
"027_S_5170","3/3"
"013_S_5171","3/3"
"130_S_5175","3/3"
"009_S_5176","3/4"
"021_S_5177","3/3"
"002_S_5178","2/3"
"082_S_5184","4/4"
"127_S_5185","3/4"
"003_S_5187","3/4"
"941_S_5193","3/3"
"021_S_5194","3/3"
"012_S_5195","2/4"
"007_S_5196","3/4"
"027_S_5197","3/3"
"033_S_5198","3/4"
"057_S_5199","3/3"
"127_S_5200","2/3"
"053_S_5202","3/4"
"020_S_5203","3/3"
"041_S_5204","3/3"
"067_S_5205","3/3"
"072_S_5207","3/3"
"053_S_5208","2/3"
"003_S_5209","3/3"
"036_S_5210","3/4"
"067_S_5212","3/3"
"012_S_5213","3/3"
"126_S_5214","3/3"
"127_S_5218","3/3"
"029_S_5219","3/4"
"037_S_5222","2/3"
"009_S_5224","3/3"
"073_S_5227","3/4"
"127_S_5228","3/3"
"002_S_5230","3/4"
"130_S_5231","3/3"
"114_S_5234","3/3"
"033_S_5235","3/3"
"021_S_5236","3/3"
"021_S_5237","3/4"
"018_S_5240","3/3"
"023_S_5241","3/3"
"019_S_5242","3/3"
"126_S_5243","3/4"
"041_S_5244","2/3"
"036_S_5248","3/3"
"018_S_5250","3/3"
"016_S_5251","3/4"
"009_S_5252","3/3"
"041_S_5253","3/4"
"002_S_5256","3/4"
"130_S_5258","2/3"
"033_S_5259","3/3"
"153_S_5261","2/4"
"018_S_5262","3/4"
"032_S_5263","3/4"
"007_S_5265","3/3"
"127_S_5266","3/3"
"153_S_5267","3/4"
"135_S_5269","3/4"
"036_S_5271","3/3"
"053_S_5272","3/3"
"135_S_5273","2/3"
"135_S_5275","3/4"
"027_S_5277","3/4"
"082_S_5278","3/4"
"082_S_5279","3/3"
"100_S_5280","3/3"
"082_S_5282","3/4"
"036_S_5283","3/4"
"051_S_5285","3/3"
"053_S_5287","3/3"
"027_S_5288","3/3"
"032_S_5289","3/4"
"024_S_5290","3/4"
"057_S_5292","3/3"
"051_S_5294","3/4"
"057_S_5295","3/4"
"068_S_4968","3/4"
"053_S_5296","3/3"
"002_S_6007","4/4"
"002_S_6009","3/4"
"002_S_6053","2/3"
"002_S_6066","2/4"
"002_S_6103","3/3"
"002_S_6404","3/3"
"002_S_6456","2/3"
"002_S_6652","3/3"
"002_S_6695","3/4"
"003_S_10042","3/3"
"003_S_10073","3/3"
"003_S_10082","3/3"
"003_S_6014","3/3"
"003_S_6067","3/3"
"003_S_6158","3/3"
"003_S_6256","3/4"
"003_S_6258","3/4"
"003_S_6259","3/4"
"003_S_6260","3/3"
"003_S_6264","4/4"
"003_S_6268","4/4"
"003_S_6307","3/4"
"003_S_6432","4/4"
"003_S_6479","4/4"
"003_S_6606","3/4"
"003_S_6644","3/3"
"003_S_6833","2/4"
"003_S_6915","4/4"
"003_S_6924","2/3"
"003_S_6954","3/3"
"003_S_6959","3/3"
"003_S_6996","3/3"
"003_S_7010","3/4"
"005_S_6393","4/4"
"005_S_6427","3/3"
"006_S_6209","3/3"
"006_S_6234","3/4"
"006_S_6243","3/3"
"006_S_6277","3/3"
"006_S_6291","3/3"
"006_S_6375","3/3"
"006_S_6500","3/4"
"006_S_6610","4/4"
"006_S_6651","3/3"
"006_S_6657","3/4"
"006_S_6681","3/4"
"006_S_6682","3/4"
"006_S_6689","3/4"
"006_S_6770","3/3"
"007_S_10075","3/3"
"007_S_6255","3/4"
"007_S_6310","3/4"
"007_S_6323","3/3"
"007_S_6341","3/4"
"007_S_6455","3/4"
"007_S_6515","3/3"
"009_S_6212","3/3"
"009_S_6402","3/3"
"010_S_6748","3/3"
"011_S_10041","3/4"
"011_S_6303","3/3"
"011_S_6367","3/3"
"011_S_6418","3/3"
"011_S_6465","3/3"
"011_S_6618","3/4"
"011_S_7048","3/3"
"012_S_6073","3/3"
"012_S_6503","3/4"
"012_S_6760","3/3"
"012_S_6837","3/4"
"013_S_6206","3/4"
"013_S_6768","3/3"
"013_S_6970","2/3"
"014_S_6076","3/4"
"014_S_6145","3/3"
"014_S_6148","2/3"
"014_S_6199","4/4"
"014_S_6424","2/3"
"014_S_6437","3/3"
"014_S_6502","3/4"
"014_S_6765","3/3"
"014_S_6831","4/4"
"014_S_6920","3/3"
"014_S_6935","3/3"
"014_S_6944","3/3"
"014_S_6988","4/4"
"014_S_7080","3/3"
"016_S_10124","2/3"
"016_S_10138","3/4"
"016_S_6381","3/3"
"016_S_6708","4/4"
"016_S_6771","3/4"
"016_S_6773","3/3"
"016_S_6789","3/3"
"016_S_6790","3/3"
"016_S_6802","3/3"
"016_S_6809","3/4"
"016_S_6816","3/4"
"016_S_6834","3/3"
"016_S_6839","3/4"
"016_S_6853","3/3"
"016_S_6926","3/3"
"016_S_6931","3/3"
"016_S_6934","3/4"
"016_S_6939","3/3"
"016_S_6941","3/3"
"016_S_6943","3/4"
"016_S_6971","3/4"
"016_S_7039","4/4"
"018_S_6351","3/3"
"018_S_6414","3/4"
"019_S_10102","3/3"
"019_S_10106","2/3"
"019_S_6483","4/4"
"019_S_6635","4/4"
"019_S_6668","3/4"
"019_S_6757","3/4"
"019_S_7016","3/4"
"020_S_6185","3/3"
"020_S_6227","3/3"
"020_S_6358","3/4"
"020_S_6449","3/4"
"020_S_6470","3/4"
"020_S_6504","3/3"
"020_S_6513","3/4"
"020_S_6901","2/2"
"021_S_10059","3/4"
"021_S_10064","3/3"
"021_S_10114","3/4"
"021_S_10146","3/4"
"021_S_6312","3/4"
"021_S_6890","3/4"
"021_S_6896","2/3"
"021_S_6910","2/3"
"021_S_6914","3/4"
"021_S_6918","3/3"
"021_S_6940","3/3"
"021_S_6978","3/3"
"021_S_6987","3/4"
"021_S_6994","2/4"
"021_S_7045","3/4"
"021_S_7055","3/3"
"021_S_7062","3/3"
"021_S_7092","3/3"
"022_S_10046","3/4"
"022_S_6013","3/3"
"022_S_6069","3/4"
"022_S_6716","3/3"
"022_S_6796","4/4"
"022_S_6797","3/4"
"022_S_6822","3/3"
"022_S_6847","3/3"
"022_S_6863","3/4"
"023_S_6334","3/3"
"023_S_6346","3/3"
"023_S_6369","3/3"
"023_S_6374","3/3"
"023_S_6399","3/4"
"023_S_6400","3/4"
"023_S_6535","3/3"
"023_S_6547","2/3"
"023_S_6702","3/3"
"024_S_6005","3/4"
"024_S_6033","3/3"
"024_S_6202","3/3"
"024_S_6385","3/3"
"024_S_6472","3/3"
"024_S_6846","4/4"
"024_S_7025","3/3"
"027_S_6001","2/3"
"027_S_6183","3/3"
"027_S_6327","3/4"
"027_S_6370","4/4"
"027_S_6516","3/3"
"027_S_6577","3/4"
"027_S_6582","2/4"
"027_S_6640","3/3"
"027_S_6643","3/3"
"027_S_6788","3/4"
"027_S_6842","2/3"
"027_S_6961","3/3"
"027_S_6965","2/3"
"027_S_7007","3/4"
"027_S_7024","3/3"
"027_S_7054","3/3"
"027_S_7071","3/3"
"029_S_6289","4/4"
"029_S_6726","2/3"
"029_S_6798","3/4"
"032_S_6211","3/3"
"032_S_6279","3/3"
"032_S_6293","3/3"
"032_S_6600","3/4"
"032_S_6699","3/3"
"032_S_6804","3/3"
"033_S_10005","3/4"
"033_S_10008","4/4"
"033_S_10009","3/3"
"033_S_10016","3/3"
"033_S_10021","3/4"
"033_S_10025","3/3"
"033_S_10027","4/4"
"033_S_10049","3/3"
"033_S_10092","3/3"
"033_S_10099","3/4"
"033_S_10118","3/3"
"033_S_6266","3/3"
"033_S_6352","3/4"
"033_S_6572","3/3"
"033_S_6889","3/3"
"033_S_6969","3/4"
"033_S_6976","3/3"
"033_S_7066","3/4"
"033_S_7088","3/4"
"033_S_7100","4/4"
"033_S_7114","3/4"
"035_S_10030","2/3"
"035_S_10031","3/3"
"035_S_10048","3/3"
"035_S_10052","3/3"
"035_S_10053","3/4"
"035_S_10067","3/3"
"035_S_10068","2/2"
"035_S_10096","3/3"
"035_S_6200","2/3"
"035_S_6306","2/4"
"035_S_6480","3/4"
"035_S_6488","3/4"
"035_S_6551","3/4"
"035_S_6722","3/4"
"035_S_6730","2/3"
"035_S_6751","3/4"
"035_S_6927","2/3"
"035_S_6947","3/3"
"035_S_6948","3/3"
"035_S_6950","3/3"
"035_S_6999","3/3"
"035_S_7004","3/3"
"035_S_7021","3/4"
"035_S_7043","3/4"
"035_S_7050","3/3"
"035_S_7073","3/3"
"035_S_7076","3/4"
"035_S_7105","3/3"
"035_S_7121","4/4"
"036_S_10133","3/4"
"036_S_6088","3/4"
"036_S_6179","3/3"
"036_S_6189","3/3"
"036_S_6316","3/4"
"036_S_6878","3/3"
"036_S_6885","3/4"
"036_S_6887","3/3"
"036_S_6894","3/4"
"036_S_6897","3/3"
"036_S_6916","3/4"
"036_S_7023","3/3"
"036_S_7070","3/3"
"037_S_10050","4/4"
"037_S_10086","3/4"
"037_S_6031","4/4"
"037_S_6046","3/3"
"037_S_6083","3/3"
"037_S_6115","3/4"
"037_S_6125","3/4"
"037_S_6144","3/3"
"037_S_6187","3/3"
"037_S_6204","3/3"
"037_S_6222","3/4"
"037_S_6271","3/3"
"037_S_6377","3/4"
"037_S_6951","3/3"
"037_S_6956","2/3"
"037_S_6963","3/3"
"037_S_6974","2/3"
"037_S_6977","2/3"
"037_S_6991","3/4"
"037_S_6992","3/3"
"037_S_6993","3/4"
"037_S_6995","3/3"
"037_S_7006","3/3"
"037_S_7011","3/4"
"037_S_7012","2/4"
"037_S_7035","2/4"
"041_S_10104","2/2"
"041_S_10125","3/3"
"041_S_6136","3/4"
"041_S_6159","3/3"
"041_S_6226","3/4"
"041_S_6292","2/3"
"041_S_6314","3/3"
"041_S_6354","2/4"
"041_S_6401","3/4"
"041_S_6731","3/4"
"041_S_6785","3/3"
"041_S_6786","3/3"
"041_S_6801","3/4"
"052_S_6412","3/3"
"052_S_6832","3/3"
"052_S_6844","3/4"
"052_S_7037","3/3"
"053_S_6598","3/4"
"053_S_6861","2/3"
"053_S_7086","3/4"
"057_S_6869","3/4"
"067_S_6117","3/4"
"067_S_6138","3/3"
"067_S_6442","3/3"
"067_S_6443","3/3"
"067_S_6474","3/3"
"067_S_6518","3/4"
"067_S_6525","3/4"
"067_S_6528","3/4"
"067_S_6529","3/4"
"067_S_6957","3/4"
"067_S_6958","3/3"
"067_S_6986","3/4"
"067_S_6989","2/4"
"067_S_7008","3/3"
"067_S_7020","4/4"
"067_S_7029","3/3"
"067_S_7033","3/4"
"067_S_7059","3/4"
"067_S_7061","3/3"
"067_S_7068","3/3"
"070_S_10080","4/4"
"070_S_6229","3/3"
"070_S_6236","3/3"
"070_S_6386","3/3"
"070_S_6394","2/3"
"070_S_6542","3/3"
"070_S_6548","3/3"
"070_S_6886","3/3"
"070_S_6911","2/3"
"070_S_6942","3/4"
"070_S_6966","3/3"
"070_S_7078","3/3"
"073_S_10006","3/3"
"073_S_10017","2/3"
"073_S_10047","3/4"
"073_S_10054","4/4"
"073_S_10074","3/4"
"073_S_10088","3/3"
"073_S_10105","3/3"
"073_S_10113","3/4"
"073_S_10120","3/4"
"073_S_10134","2/3"
"073_S_6669","3/3"
"073_S_6670","3/3"
"073_S_6673","3/3"
"073_S_6907","3/3"
"073_S_6925","2/3"
"073_S_6929","3/3"
"073_S_6952","2/3"
"073_S_7052","3/3"
"073_S_7082","3/3"
"082_S_6197","2/4"
"082_S_6283","4/4"
"082_S_6287","3/3"
"082_S_6415","3/3"
"082_S_6563","2/3"
"082_S_6564","3/4"
"082_S_6629","2/3"
"082_S_7117","3/3"
"094_S_6269","3/3"
"094_S_6275","3/3"
"094_S_6278","3/3"
"094_S_6417","3/4"
"094_S_6419","3/4"
"094_S_6468","3/4"
"094_S_6485","2/3"
"098_S_6343","3/3"
"098_S_6362","3/3"
"098_S_6534","3/3"
"098_S_6593","3/3"
"098_S_6655","3/3"
"098_S_6658","3/4"
"098_S_6707","3/3"
"098_S_6734","3/3"
"099_S_6016","3/3"
"099_S_6025","3/3"
"099_S_6038","3/3"
"099_S_6097","3/4"
"099_S_6175","3/4"
"099_S_6396","3/3"
"099_S_6476","3/3"
"099_S_6632","3/4"
"100_S_10028","3/4"
"100_S_10029","3/3"
"100_S_10034","3/4"
"100_S_10036","3/3"
"100_S_6164","3/3"
"100_S_6273","3/3"
"100_S_6308","3/3"
"100_S_6349","3/3"
"100_S_6493","3/4"
"100_S_6713","3/4"
"109_S_6220","3/3"
"109_S_6221","3/4"
"109_S_6300","3/3"
"114_S_6039","3/3"
"114_S_6057","3/3"
"114_S_6063","3/4"
"114_S_6113","2/3"
"114_S_6251","4/4"
"114_S_6309","3/3"
"114_S_6347","3/4"
"114_S_6429","3/3"
"114_S_6462","3/4"
"114_S_6487","3/3"
"114_S_6524","3/3"
"114_S_6597","2/3"
"114_S_6813","2/3"
"114_S_6917","4/4"
"116_S_6133","3/4"
"116_S_6428","3/4"
"116_S_6439","3/3"
"116_S_6517","3/3"
"116_S_6550","3/3"
"116_S_6750","3/3"
"116_S_6775","3/4"
"123_S_6118","3/3"
"123_S_6825","3/4"
"123_S_6888","3/3"
"123_S_7125","3/4"
"126_S_6559","3/3"
"126_S_6683","3/4"
"126_S_6721","3/3"
"126_S_6724","3/4"
"126_S_7015","3/4"
"126_S_7060","3/3"
"126_S_7083","3/3"
"127_S_6024","3/4"
"127_S_6147","3/3"
"127_S_6168","3/3"
"127_S_6173","3/3"
"127_S_6203","3/3"
"127_S_6241","3/3"
"127_S_6330","3/4"
"127_S_6348","3/3"
"127_S_6357","3/3"
"127_S_6433","4/4"
"127_S_6436","3/3"
"127_S_6512","3/4"
"127_S_6549","4/4"
"129_S_6146","3/3"
"129_S_6228","3/3"
"129_S_6244","3/4"
"129_S_6288","3/4"
"129_S_6304","3/4"
"129_S_6452","3/4"
"129_S_6457","2/3"
"129_S_6459","3/3"
"129_S_6621","3/4"
"129_S_6704","3/4"
"129_S_6784","3/3"
"129_S_6830","3/3"
"129_S_6848","3/3"
"129_S_6852","2/4"
"129_S_6857","3/4"
"129_S_7042","2/3"
"130_S_6019","3/3"
"130_S_6037","2/3"
"130_S_6043","3/3"
"130_S_6047","3/3"
"130_S_6072","2/4"
"130_S_6105","3/3"
"130_S_6111","3/3"
"130_S_6161","3/4"
"130_S_6319","3/3"
"130_S_6329","3/3"
"130_S_6372","3/3"
"130_S_6604","3/3"
"130_S_6611","3/3"
"130_S_6612","4/4"
"130_S_6688","3/4"
"131_S_6170","3/4"
"131_S_6519","3/3"
"131_S_6805","3/3"
"131_S_7032","3/3"
"135_S_10097","2/4"
"135_S_6104","3/4"
"135_S_6359","3/4"
"135_S_6360","3/4"
"135_S_6389","4/4"
"135_S_6411","3/3"
"135_S_6446","2/3"
"135_S_6473","3/3"
"135_S_6509","3/3"
"135_S_6510","3/4"
"135_S_6544","3/4"
"135_S_6586","3/3"
"135_S_6687","4/4"
"135_S_6703","3/4"
"137_S_10057","3/4"
"137_S_6654","3/3"
"137_S_6693","4/4"
"137_S_6880","3/3"
"137_S_6883","3/3"
"137_S_6903","2/3"
"137_S_6906","3/3"
"137_S_6919","3/3"
"141_S_6008","3/3"
"141_S_6015","3/3"
"141_S_6075","3/3"
"141_S_6116","3/3"
"141_S_6178","3/4"
"141_S_6240","3/3"
"141_S_6253","3/3"
"141_S_6416","3/4"
"141_S_6872","3/4"
"141_S_6964","3/3"
"141_S_7013","3/4"
"153_S_6237","3/3"
"153_S_6274","2/3"
"153_S_6336","2/3"
"153_S_6679","3/4"
"153_S_6755","3/3"
"168_S_6049","3/4"
"168_S_6051","3/3"
"168_S_6059","3/4"
"168_S_6062","3/3"
"168_S_6065","3/4"
"168_S_6085","3/3"
"168_S_6151","3/3"
"168_S_6180","3/3"
"168_S_6233","3/3"
"168_S_6281","3/3"
"168_S_6318","3/3"
"168_S_6320","3/3"
"168_S_6321","3/3"
"168_S_6350","3/3"
"168_S_6371","3/3"
"168_S_6413","2/4"
"168_S_6467","3/3"
"168_S_6541","3/3"
"168_S_6591","3/3"
"168_S_6619","3/3"
"168_S_6634","3/3"
"168_S_6735","3/3"
"168_S_6754","3/3"
"168_S_6821","3/4"
"168_S_6828","3/3"
"168_S_6843","3/4"
"168_S_6860","3/4"
"168_S_6874","3/3"
"168_S_6875","3/3"
"168_S_6908","3/3"
"168_S_6921","4/4"
"301_S_10123","3/3"
"301_S_10139","3/3"
"301_S_10194","3/4"
"301_S_6056","3/3"
"301_S_6297","3/3"
"301_S_6326","3/3"
"301_S_6592","4/4"
"301_S_6777","3/4"
"301_S_6811","3/3"
"305_S_6157","3/4"
"305_S_6188","3/3"
"305_S_6313","3/3"
"305_S_6378","3/3"
"305_S_6498","4/4"
"305_S_6742","4/4"
"305_S_6744","3/3"
"305_S_6810","3/3"
"305_S_6871","3/3"
"305_S_6877","3/3"
"305_S_6899","3/3"
"341_S_6494","3/4"
"389_S_10070","3/4"
"389_S_10076","3/3"
"941_S_10001","3/4"
"941_S_10002","3/4"
"941_S_10003","3/4"
"941_S_10004","3/4"
"941_S_10011","3/3"
"941_S_10023","3/4"
"941_S_10024","3/4"
"941_S_10038","3/3"
"941_S_10039","2/4"
"941_S_10051","4/4"
"941_S_10065","2/3"
"941_S_10085","3/4"
"941_S_10103","3/4"
"941_S_10111","3/4"
"941_S_6044","4/4"
"941_S_6054","3/3"
"941_S_6058","3/3"
"941_S_6068","3/4"
"941_S_6080","2/3"
"941_S_6094","3/3"
"941_S_6254","4/4"
"941_S_6333","3/4"
"941_S_6345","3/4"
"941_S_6384","3/3"
"941_S_6422","3/3"
"941_S_6454","3/4"
"941_S_6471","2/3"
"941_S_6499","3/3"
"941_S_6546","3/4"
"941_S_6570","3/3"
"941_S_6574","3/3"
"941_S_6575","3/3"
"941_S_6580","3/3"
"941_S_6581","3/3"
"941_S_6854","3/4"
"941_S_6998","2/3"
"941_S_7046","3/4"
"941_S_7051","2/3"
"941_S_7074","3/3"
"941_S_7085","2/3"
"027_S_6002","3/3"
"941_S_6017","3/4"
"002_S_6030","3/4"
"037_S_6032","3/3"
"027_S_6034","3/4"
"130_S_6035","3/4"
"141_S_6041","3/3"
"067_S_6045","2/3"
"941_S_6052","3/4"
"141_S_6061","3/3"
"005_S_6084","3/3"
"116_S_6100","4/4"
"135_S_6110","3/3"
"116_S_6119","3/3"
"007_S_6120","2/3"
"168_S_6131","3/4"
"036_S_6134","4/4"
"037_S_6141","2/3"
"131_S_6143","2/3"
"009_S_6163","3/3"
"024_S_6184","3/3"
"019_S_6186","3/3"
"041_S_6192","3/3"
"018_S_6207","3/3"
"109_S_6213","3/4"
"037_S_6216","4/4"
"301_S_6224","3/3"
"036_S_6231","3/4"
"127_S_6232","3/4"
"094_S_6250","3/4"
"006_S_6252","3/4"
"020_S_6282","2/3"
"135_S_6284","3/4"
"032_S_6294","3/3"
"033_S_6298","3/3"
"019_S_6315","3/3"
"027_S_6317","3/3"
"177_S_6335","3/3"
"023_S_6356","4/4"
"177_S_6408","3/4"
"177_S_6409","3/4"
"007_S_6421","3/4"
"141_S_6423","3/3"
"168_S_6426","3/3"
"006_S_6441","3/3"
"177_S_6448","3/3"
"153_S_6450","3/4"
"027_S_6463","3/3"
"168_S_6492","3/4"
"033_S_6497","3/4"
"029_S_6505","3/3"
"941_S_6514","3/3"
"014_S_6522","2/3"
"019_S_6533","3/3"
"116_S_6543","3/4"
"135_S_6545","3/4"
"020_S_6566","3/3"
"019_S_6573","3/3"
"100_S_6578","3/3"
"168_S_6142","3/3"
"109_S_6218","3/3"
"177_S_6328","3/4"
"109_S_6364","4/4"
"109_S_6373","2/4"
"109_S_6376","3/3"
"109_S_6405","3/3"
"109_S_6406","3/4"
"041_S_6447","3/3"
"036_S_6466","2/3"
"007_S_6521","3/4"
"141_S_6589","2/3"
"114_S_6595","3/3"
"098_S_6601","3/4"
"032_S_6602","4/4"
"341_S_6605","3/3"
"301_S_6615","3/4"
"131_S_6616","3/3"
"135_S_6622","2/4"
"116_S_6624","3/3"
"037_S_6627","4/4"
"153_S_6633","3/3"
"035_S_6641","3/4"
"027_S_6648","3/4"
"341_S_6653","3/3"
"035_S_6660","3/3"
"023_S_6661","3/3"
"006_S_6672","3/3"
"341_S_6686","3/3"
"082_S_6690","3/4"
"033_S_6697","3/4"
"033_S_6705","2/4"
"032_S_6709","3/3"
"011_S_6714","2/3"
"051_S_6719","4/4"
"023_S_6723","3/3"
"099_S_6691","3/4"
"032_S_6700","4/4"
"094_S_6736","4/4"
"168_S_6817","3/4"
"341_S_6820","4/4"
"135_S_6840","4/4"
"305_S_6845","3/3"
"027_S_6849","4/4"
"305_S_6850","3/4"
"123_S_6884","3/4"
"123_S_6891","3/4"
"006_S_6674","3/4"
"006_S_6677","3/3"
"006_S_6696","3/3"
"032_S_6717","2/3"
"006_S_6727","3/3"
"027_S_6733","3/3"
"035_S_6739","3/4"
"057_S_6746","3/3"
"114_S_6758","3/3"
"051_S_6761","3/3"
"129_S_6763","3/3"
"341_S_6764","3/3"
"141_S_6779","3/4"
"016_S_6799","2/3"
"016_S_6800","3/3"
"941_S_6803","3/4"
"130_S_6823","3/3"
"067_S_6912","3/3"
"341_S_6960","3/3"
"941_S_6962","4/4"
"341_S_6981","3/3"
"035_S_7000","3/3"
"135_S_7003","3/4"
"035_S_7031","3/3"
"153_S_6694","2/4"
"035_S_7001","3/4"
"341_S_7018","3/3"
"035_S_7019","3/3"
"052_S_7027","4/4"
"941_S_7041","3/4"
"035_S_7049","3/3"